{
    "accuracy": 0.6743,
    "precision": 0.6810079673585724,
    "recall": 0.6743,
    "f1_score": 0.6723372109572828
}